Workbook

Sheet Dashboard
A1: Purpose | F1: Site context levers | J1: Current Top 10 ranked pathogens / hazards
A2: Risk ranking bathing water microbial hazards. | F2: Human sewage / treated effluent / CSO influence | G2: 0 = absent, 5 = dominant source/pathway | H2: 4 | J2: Rank | K2: Pathogen / hazard | L2: Final score | M2: Policy status
F3: Agriculture / livestock runoff influence | G3: 0 = absent, 5 = dominant source/pathway | H3: 3 | J3: 1 | K3: =INDEX('Pathogen Ranking'!$B$2:$B$32,MATCH(1,'Pathogen Ranking'!$A$2:$A$32,0)) -> Norovirus | L3: =INDEX('Pathogen Ranking'!$S$2:$S$32,MATCH(1,'Pathogen Ranking'!$A$2:$A$32,0)) -> 85.4 | M3: =INDEX('Pathogen Ranking'!$D$2:$D$32,MATCH(1,'Pathogen Ranking'!$A$2:$A$32,0)) -> Core
F4: Urban runoff / stormwater influence | G4: 0 = absent, 5 = dominant source/pathway | H4: 3 | J4: 2 | K4: =INDEX('Pathogen Ranking'!$B$2:$B$32,MATCH(2,'Pathogen Ranking'!$A$2:$A$32,0)) -> Cryptosporidium spp. | L4: =INDEX('Pathogen Ranking'!$S$2:$S$32,MATCH(2,'Pathogen Ranking'!$A$2:$A$32,0)) -> 83.066667 | M4: =INDEX('Pathogen Ranking'!$D$2:$D$32,MATCH(2,'Pathogen Ranking'!$A$2:$A$32,0)) -> Core
F5: Riverine / event variability | G5: 0 = stable, 5 = highly event-driven | H5: 3 | J5: 3 | K5: =INDEX('Pathogen Ranking'!$B$2:$B$32,MATCH(3,'Pathogen Ranking'!$A$2:$A$32,0)) -> STEC | L5: =INDEX('Pathogen Ranking'!$S$2:$S$32,MATCH(3,'Pathogen Ranking'!$A$2:$A$32,0)) -> 78.766667 | M5: =INDEX('Pathogen Ranking'!$D$2:$D$32,MATCH(3,'Pathogen Ranking'!$A$2:$A$32,0)) -> Core
F6: Warm / brackish / aerosol / bloom conditions | G6: 0 = not relevant, 5 = strongly relevant | H6: 2 | J6: 4 | K6: =INDEX('Pathogen Ranking'!$B$2:$B$32,MATCH(4,'Pathogen Ranking'!$A$2:$A$32,0)) -> Shigella spp. | L6: =INDEX('Pathogen Ranking'!$S$2:$S$32,MATCH(4,'Pathogen Ranking'!$A$2:$A$32,0)) -> 76.433333 | M6: =INDEX('Pathogen Ranking'!$D$2:$D$32,MATCH(4,'Pathogen Ranking'!$A$2:$A$32,0)) -> Core
F7: Measured E. coli / enterococci burden | G7: 0 = low/unknown, 5 = high or repeated exceedance | H7: 3 | J7: 5 | K7: =INDEX('Pathogen Ranking'!$B$2:$B$32,MATCH(5,'Pathogen Ranking'!$A$2:$A$32,0)) -> Hepatitis A virus | L7: =INDEX('Pathogen Ranking'!$S$2:$S$32,MATCH(5,'Pathogen Ranking'!$A$2:$A$32,0)) -> 74.433333 | M7: =INDEX('Pathogen Ranking'!$D$2:$D$32,MATCH(5,'Pathogen Ranking'!$A$2:$A$32,0)) -> Conditional
A8: National hazard weights | F8: Site influence on final ranking (%) | H8: 30 | J8: 6 | K8: =INDEX('Pathogen Ranking'!$B$2:$B$32,MATCH(6,'Pathogen Ranking'!$A$2:$A$32,0)) -> Rotavirus | L8: =INDEX('Pathogen Ranking'!$S$2:$S$32,MATCH(6,'Pathogen Ranking'!$A$2:$A$32,0)) -> 70.233333 | M8: =INDEX('Pathogen Ranking'!$D$2:$D$32,MATCH(6,'Pathogen Ranking'!$A$2:$A$32,0)) -> Conditional
A9: Exposure efficiency / infectious dose | B9: How easily a hazard can infect once exposure occurs. | C9: 25 | J9: 7 | K9: =INDEX('Pathogen Ranking'!$B$2:$B$32,MATCH(7,'Pathogen Ranking'!$A$2:$A$32,0)) -> Adenovirus 40/41 | L9: =INDEX('Pathogen Ranking'!$S$2:$S$32,MATCH(7,'Pathogen Ranking'!$A$2:$A$32,0)) -> 70.133333 | M9: =INDEX('Pathogen Ranking'!$D$2:$D$32,MATCH(7,'Pathogen Ranking'!$A$2:$A$32,0)) -> Conditional
A10: Health consequence / severity | B10: How serious the outcome can be. | C10: 15 | J10: 8 | K10: =INDEX('Pathogen Ranking'!$B$2:$B$32,MATCH(8,'Pathogen Ranking'!$A$2:$A$32,0)) -> Campylobacter spp. | L10: =INDEX('Pathogen Ranking'!$S$2:$S$32,MATCH(8,'Pathogen Ranking'!$A$2:$A$32,0)) -> 68.333333 | M10: =INDEX('Pathogen Ranking'!$D$2:$D$32,MATCH(8,'Pathogen Ranking'!$A$2:$A$32,0)) -> Core
A11: Source pressure / shedding | B11: How much of the hazard is likely to reach the environment. | C11: 25 | J11: 9 | K11: =INDEX('Pathogen Ranking'!$B$2:$B$32,MATCH(9,'Pathogen Ranking'!$A$2:$A$32,0)) -> Sapovirus | L11: =INDEX('Pathogen Ranking'!$S$2:$S$32,MATCH(9,'Pathogen Ranking'!$A$2:$A$32,0)) -> 68.133333 | M11: =INDEX('Pathogen Ranking'!$D$2:$D$32,MATCH(9,'Pathogen Ranking'!$A$2:$A$32,0)) -> Conditional
A12: Persistence / transport | B12: How well the hazard survives or moves through water/sediment. | C12: 10 | J12: 10 | K12: =INDEX('Pathogen Ranking'!$B$2:$B$32,MATCH(10,'Pathogen Ranking'!$A$2:$A$32,0)) -> Enteroviruses | L12: =INDEX('Pathogen Ranking'!$S$2:$S$32,MATCH(10,'Pathogen Ranking'!$A$2:$A$32,0)) -> 67.733333 | M12: =INDEX('Pathogen Ranking'!$D$2:$D$32,MATCH(10,'Pathogen Ranking'!$A$2:$A$32,0)) -> Conditional
A13: Bathing evidence / confidence | B13: How strongly the hazard is supported as a bathing-water concern. | C13: 25 | J13: How to read the dashboard
A14: Total weight (normalised automatically) | C14: =SUM(C9:C13) -> 100 | J14: Changing the yellow cells changes the ranking. A high sewage setting lifts sewage-linked hazards. A high agriculture setting lifts livestock/runoff hazards. A high E. coli / enterococci burden raises the importance of bacterial-load-sensitive rows.

Sheet Pathogen Ranking
A1: Rank | B1: Pathogen / hazard | C1: Model category | D1: National policy status | E1: Model role | F1: Exposure efficiency / infectious dose | G1: Health consequence / severity | H1: Source pressure / shedding | I1: Persistence / transport | J1: Bathing evidence / confidence | K1: National score | L1: Human sewage fit | M1: Agriculture / livestock fit | N1: Urban runoff / stormwater fit | O1: Riverine / event fit | P1: Warm / climate / aerosol / bloom fit | Q1: Sentinel-load relevance | R1: Site relevance score | S1: Final score | T1: Short rationale
A2: =1+COUNTIF($S$2:$S$32,">"&S2)+COUNTIFS($S$2:S2,S2)-1 -> 1 | B2: Norovirus | C2: Core causal bathing-water pathogens | D2: Core | E2: Core causal pathogen priority | F2: 5 | G2: 3 | H2: 5 | I2: 4 | J2: 5 | K2: =IF(SUM(Dashboard!$C$9:$C$13)=0,0,(F2*Dashboard!$C$9+G2*Dashboard!$C$10+H2*Dashboard!$C$11+I2*Dashboard!$C$12+J2*Dashboard!$C$13)/SUM(Dashboard!$C$9:$C$13)/5*100) -> 92 | L2: 5 | M2: 2 | N2: 3 | O2: 5 | P2: 2 | Q2: 3 | R2: =IF(SUM(Dashboard!$H$2:$H$7)=0,0,(L2*Dashboard!$H$2+M2*Dashboard!$H$3+N2*Dashboard!$H$4+O2*Dashboard!$H$5+P2*Dashboard!$H$6+Q2*Dashboard!$H$7)/SUM(Dashboard!$H$2:$H$7)/5*100) -> 70 | S2: =K2*(1-Dashboard!$H$8/100)+R2*(Dashboard!$H$8/100) -> 85.4 | T2: Dominant sewage-associated enteric viral priority with high shedding, low dose, high transmission and strong bathing relevance.
A3: =1+COUNTIF($S$2:$S$32,">"&S3)+COUNTIFS($S$2:S3,S3)-1 -> 2 | B3: Cryptosporidium spp. | C3: Core causal bathing-water pathogens | D3: Core | E3: Core causal pathogen priority | F3: 5 | G3: 4 | H3: 4 | I3: 5 | J3: 5 | K3: =IF(SUM(Dashboard!$C$9:$C$13)=0,0,(F3*Dashboard!$C$9+G3*Dashboard!$C$10+H3*Dashboard!$C$11+I3*Dashboard!$C$12+J3*Dashboard!$C$13)/SUM(Dashboard!$C$9:$C$13)/5*100) -> 92 | L3: 3 | M3: 5 | N3: 2 | O3: 5 | P3: 1 | Q3: 2 | R3: =IF(SUM(Dashboard!$H$2:$H$7)=0,0,(L3*Dashboard!$H$2+M3*Dashboard!$H$3+N3*Dashboard!$H$4+O3*Dashboard!$H$5+P3*Dashboard!$H$6+Q3*Dashboard!$H$7)/SUM(Dashboard!$H$2:$H$7)/5*100) -> 62.222222 | S3: =K3*(1-Dashboard!$H$8/100)+R3*(Dashboard!$H$8/100) -> 83.066667 | T3: Very persistent protozoan with low infectious dose and strong relevance to agricultural and wastewater-influenced bathing waters.
A4: =1+COUNTIF($S$2:$S$32,">"&S4)+COUNTIFS($S$2:S4,S4)-1 -> 3 | B4: STEC | C4: Core causal bathing-water pathogens | D4: Core | E4: Core causal pathogen priority | F4: 5 | G4: 5 | H4: 3 | I4: 4 | J4: 4 | K4: =IF(SUM(Dashboard!$C$9:$C$13)=0,0,(F4*Dashboard!$C$9+G4*Dashboard!$C$10+H4*Dashboard!$C$11+I4*Dashboard!$C$12+J4*Dashboard!$C$13)/SUM(Dashboard!$C$9:$C$13)/5*100) -> 83 | L4: 3 | M4: 5 | N4: 2 | O4: 5 | P4: 1 | Q4: 4 | R4: =IF(SUM(Dashboard!$H$2:$H$7)=0,0,(L4*Dashboard!$H$2+M4*Dashboard!$H$3+N4*Dashboard!$H$4+O4*Dashboard!$H$5+P4*Dashboard!$H$6+Q4*Dashboard!$H$7)/SUM(Dashboard!$H$2:$H$7)/5*100) -> 68.888889 | S4: =K4*(1-Dashboard!$H$8/100)+R4*(Dashboard!$H$8/100) -> 78.766667 | T4: Low-dose, high-consequence pathogenic E. coli group; priority is driven by severity and livestock/faecal runoff, not high population prevalence.
A5: =1+COUNTIF($S$2:$S$32,">"&S5)+COUNTIFS($S$2:S5,S5)-1 -> 4 | B5: Shigella spp. | C5: Core causal bathing-water pathogens | D5: Core | E5: Core causal pathogen priority | F5: 5 | G5: 4 | H5: 3 | I5: 3 | J5: 5 | K5: =IF(SUM(Dashboard!$C$9:$C$13)=0,0,(F5*Dashboard!$C$9+G5*Dashboard!$C$10+H5*Dashboard!$C$11+I5*Dashboard!$C$12+J5*Dashboard!$C$13)/SUM(Dashboard!$C$9:$C$13)/5*100) -> 83 | L5: 5 | M5: 1 | N5: 2 | O5: 4 | P5: 1 | Q5: 4 | R5: =IF(SUM(Dashboard!$H$2:$H$7)=0,0,(L5*Dashboard!$H$2+M5*Dashboard!$H$3+N5*Dashboard!$H$4+O5*Dashboard!$H$5+P5*Dashboard!$H$6+Q5*Dashboard!$H$7)/SUM(Dashboard!$H$2:$H$7)/5*100) -> 61.111111 | S5: =K5*(1-Dashboard!$H$8/100)+R5*(Dashboard!$H$8/100) -> 76.433333 | T5: Human sewage-linked low-dose pathogen with strong person-to-person spread and clear public-health relevance during faecal contamination events.
A6: =1+COUNTIF($S$2:$S$32,">"&S6)+COUNTIFS($S$2:S6,S6)-1 -> 8 | B6: Campylobacter spp. | C6: Core causal bathing-water pathogens | D6: Core | E6: Core causal pathogen priority | F6: 3 | G6: 3 | H6: 4 | I6: 3 | J6: 4 | K6: =IF(SUM(Dashboard!$C$9:$C$13)=0,0,(F6*Dashboard!$C$9+G6*Dashboard!$C$10+H6*Dashboard!$C$11+I6*Dashboard!$C$12+J6*Dashboard!$C$13)/SUM(Dashboard!$C$9:$C$13)/5*100) -> 70 | L6: 2 | M6: 5 | N6: 2 | O6: 5 | P6: 1 | Q6: 4 | R6: =IF(SUM(Dashboard!$H$2:$H$7)=0,0,(L6*Dashboard!$H$2+M6*Dashboard!$H$3+N6*Dashboard!$H$4+O6*Dashboard!$H$5+P6*Dashboard!$H$6+Q6*Dashboard!$H$7)/SUM(Dashboard!$H$2:$H$7)/5*100) -> 64.444444 | S6: =K6*(1-Dashboard!$H$8/100)+R6*(Dashboard!$H$8/100) -> 68.333333 | T6: Serious concern in EA review; important bathing-water hazard especially where livestock, wildlife and runoff influence freshwater sites.
A7: =1+COUNTIF($S$2:$S$32,">"&S7)+COUNTIFS($S$2:S7,S7)-1 -> 11 | B7: Giardia duodenalis | C7: Core causal bathing-water pathogens | D7: Core | E7: Core causal pathogen priority | F7: 3 | G7: 3 | H7: 4 | I7: 4 | J7: 4 | K7: =IF(SUM(Dashboard!$C$9:$C$13)=0,0,(F7*Dashboard!$C$9+G7*Dashboard!$C$10+H7*Dashboard!$C$11+I7*Dashboard!$C$12+J7*Dashboard!$C$13)/SUM(Dashboard!$C$9:$C$13)/5*100) -> 72 | L7: 3 | M7: 4 | N7: 2 | O7: 4 | P7: 1 | Q7: 2 | R7: =IF(SUM(Dashboard!$H$2:$H$7)=0,0,(L7*Dashboard!$H$2+M7*Dashboard!$H$3+N7*Dashboard!$H$4+O7*Dashboard!$H$5+P7*Dashboard!$H$6+Q7*Dashboard!$H$7)/SUM(Dashboard!$H$2:$H$7)/5*100) -> 55.555556 | S7: =K7*(1-Dashboard!$H$8/100)+R7*(Dashboard!$H$8/100) -> 67.066667 | T7: Persistent protozoan with sewage, livestock and wildlife relevance; often underappreciated in bathing-water risk discussions.
A8: =1+COUNTIF($S$2:$S$32,">"&S8)+COUNTIFS($S$2:S8,S8)-1 -> 12 | B8: Salmonella enterica (non-typhoidal) | C8: Core causal bathing-water pathogens | D8: Core | E8: Core causal pathogen priority | F8: 2 | G8: 4 | H8: 3 | I8: 4 | J8: 4 | K8: =IF(SUM(Dashboard!$C$9:$C$13)=0,0,(F8*Dashboard!$C$9+G8*Dashboard!$C$10+H8*Dashboard!$C$11+I8*Dashboard!$C$12+J8*Dashboard!$C$13)/SUM(Dashboard!$C$9:$C$13)/5*100) -> 65 | L8: 3 | M8: 4 | N8: 2 | O8: 4 | P8: 1 | Q8: 4 | R8: =IF(SUM(Dashboard!$H$2:$H$7)=0,0,(L8*Dashboard!$H$2+M8*Dashboard!$H$3+N8*Dashboard!$H$4+O8*Dashboard!$H$5+P8*Dashboard!$H$6+Q8*Dashboard!$H$7)/SUM(Dashboard!$H$2:$H$7)/5*100) -> 62.222222 | S8: =K8*(1-Dashboard!$H$8/100)+R8*(Dashboard!$H$8/100) -> 64.166667 | T8: Important but not as water-efficient as norovirus, Cryptosporidium or STEC; source pressure may be human, livestock, wildlife or food/travel linked.
A9: =1+COUNTIF($S$2:$S$32,">"&S9)+COUNTIFS($S$2:S9,S9)-1 -> 7 | B9: Adenovirus 40/41 | C9: Core causal bathing-water pathogens | D9: Conditional | E9: Core causal / conditional viral pathogen | F9: 3 | G9: 3 | H9: 4 | I9: 5 | J9: 4 | K9: =IF(SUM(Dashboard!$C$9:$C$13)=0,0,(F9*Dashboard!$C$9+G9*Dashboard!$C$10+H9*Dashboard!$C$11+I9*Dashboard!$C$12+J9*Dashboard!$C$13)/SUM(Dashboard!$C$9:$C$13)/5*100) -> 74 | L9: 5 | M9: 1 | N9: 3 | O9: 4 | P9: 1 | Q9: 3 | R9: =IF(SUM(Dashboard!$H$2:$H$7)=0,0,(L9*Dashboard!$H$2+M9*Dashboard!$H$3+N9*Dashboard!$H$4+O9*Dashboard!$H$5+P9*Dashboard!$H$6+Q9*Dashboard!$H$7)/SUM(Dashboard!$H$2:$H$7)/5*100) -> 61.111111 | S9: =K9*(1-Dashboard!$H$8/100)+R9*(Dashboard!$H$8/100) -> 70.133333 | T9: Highly persistent sewage-associated virus; useful surveillance value but weaker direct causal ranking than norovirus.
A10: =1+COUNTIF($S$2:$S$32,">"&S10)+COUNTIFS($S$2:S10,S10)-1 -> 5 | B10: Hepatitis A virus | C10: Core causal bathing-water pathogens | D10: Conditional | E10: Core causal / conditional viral pathogen | F10: 5 | G10: 5 | H10: 3 | I10: 4 | J10: 4 | K10: =IF(SUM(Dashboard!$C$9:$C$13)=0,0,(F10*Dashboard!$C$9+G10*Dashboard!$C$10+H10*Dashboard!$C$11+I10*Dashboard!$C$12+J10*Dashboard!$C$13)/SUM(Dashboard!$C$9:$C$13)/5*100) -> 83 | L10: 5 | M10: 1 | N10: 2 | O10: 4 | P10: 1 | Q10: 2 | R10: =IF(SUM(Dashboard!$H$2:$H$7)=0,0,(L10*Dashboard!$H$2+M10*Dashboard!$H$3+N10*Dashboard!$H$4+O10*Dashboard!$H$5+P10*Dashboard!$H$6+Q10*Dashboard!$H$7)/SUM(Dashboard!$H$2:$H$7)/5*100) -> 54.444444 | S10: =K10*(1-Dashboard!$H$8/100)+R10*(Dashboard!$H$8/100) -> 74.433333 | T10: Low prevalence in the UK but severe and low-dose; relevant during sewage contamination and travel/imported case clusters.
A11: =1+COUNTIF($S$2:$S$32,">"&S11)+COUNTIFS($S$2:S11,S11)-1 -> 6 | B11: Rotavirus | C11: Core causal bathing-water pathogens | D11: Conditional | E11: Core causal / conditional viral pathogen | F11: 5 | G11: 3 | H11: 3 | I11: 4 | J11: 4 | K11: =IF(SUM(Dashboard!$C$9:$C$13)=0,0,(F11*Dashboard!$C$9+G11*Dashboard!$C$10+H11*Dashboard!$C$11+I11*Dashboard!$C$12+J11*Dashboard!$C$13)/SUM(Dashboard!$C$9:$C$13)/5*100) -> 77 | L11: 5 | M11: 1 | N11: 2 | O11: 4 | P11: 1 | Q11: 2 | R11: =IF(SUM(Dashboard!$H$2:$H$7)=0,0,(L11*Dashboard!$H$2+M11*Dashboard!$H$3+N11*Dashboard!$H$4+O11*Dashboard!$H$5+P11*Dashboard!$H$6+Q11*Dashboard!$H$7)/SUM(Dashboard!$H$2:$H$7)/5*100) -> 54.444444 | S11: =K11*(1-Dashboard!$H$8/100)+R11*(Dashboard!$H$8/100) -> 70.233333 | T11: Important in children but less policy-dominant in UK bathing waters than norovirus.
A12: =1+COUNTIF($S$2:$S$32,">"&S12)+COUNTIFS($S$2:S12,S12)-1 -> 10 | B12: Enteroviruses | C12: Core causal bathing-water pathogens | D12: Conditional | E12: Core causal / conditional viral pathogen | F12: 3 | G12: 3 | H12: 4 | I12: 4 | J12: 4 | K12: =IF(SUM(Dashboard!$C$9:$C$13)=0,0,(F12*Dashboard!$C$9+G12*Dashboard!$C$10+H12*Dashboard!$C$11+I12*Dashboard!$C$12+J12*Dashboard!$C$13)/SUM(Dashboard!$C$9:$C$13)/5*100) -> 72 | L12: 5 | M12: 1 | N12: 3 | O12: 4 | P12: 1 | Q12: 2 | R12: =IF(SUM(Dashboard!$H$2:$H$7)=0,0,(L12*Dashboard!$H$2+M12*Dashboard!$H$3+N12*Dashboard!$H$4+O12*Dashboard!$H$5+P12*Dashboard!$H$6+Q12*Dashboard!$H$7)/SUM(Dashboard!$H$2:$H$7)/5*100) -> 57.777778 | S12: =K12*(1-Dashboard!$H$8/100)+R12*(Dashboard!$H$8/100) -> 67.733333 | T12: Useful surveillance target; direct bathing disease attribution is less consistent than for top-tier pathogens.
A13: =1+COUNTIF($S$2:$S$32,">"&S13)+COUNTIFS($S$2:S13,S13)-1 -> 9 | B13: Sapovirus | C13: Core causal bathing-water pathogens | D13: Conditional | E13: Core causal / conditional viral pathogen | F13: 4 | G13: 2 | H13: 4 | I13: 4 | J13: 4 | K13: =IF(SUM(Dashboard!$C$9:$C$13)=0,0,(F13*Dashboard!$C$9+G13*Dashboard!$C$10+H13*Dashboard!$C$11+I13*Dashboard!$C$12+J13*Dashboard!$C$13)/SUM(Dashboard!$C$9:$C$13)/5*100) -> 74 | L13: 5 | M13: 1 | N13: 2 | O13: 4 | P13: 1 | Q13: 2 | R13: =IF(SUM(Dashboard!$H$2:$H$7)=0,0,(L13*Dashboard!$H$2+M13*Dashboard!$H$3+N13*Dashboard!$H$4+O13*Dashboard!$H$5+P13*Dashboard!$H$6+Q13*Dashboard!$H$7)/SUM(Dashboard!$H$2:$H$7)/5*100) -> 54.444444 | S13: =K13*(1-Dashboard!$H$8/100)+R13*(Dashboard!$H$8/100) -> 68.133333 | T13: Similar route logic to norovirus but weaker evidence and generally lower priority.
... A32: =1+COUNTIF($S$2:$S$32,">"&S32)+COUNTIFS($S$2:S32,S32)-1 -> 30 | B32: Candida spp. / C. auris | C32: Not in core bathing-water pathogen ranking | D32: Not routine target | E32: Not in core bathing-water pathogen ranking | F32: 1 | G32: 4 | H32: 2 | I32: 2 | J32: 1 | K32: =IF(SUM(Dashboard!$C$9:$C$13)=0,0,(F32*Dashboard!$C$9+G32*Dashboard!$C$10+H32*Dashboard!$C$11+I32*Dashboard!$C$12+J32*Dashboard!$C$13)/SUM(Dashboard!$C$9:$C$13)/5*100) -> 36 | L32: 2 | M32: 0 | N32: 1 | O32: 2 | P32: 1 | Q32: 1 | R32: =IF(SUM(Dashboard!$H$2:$H$7)=0,0,(L32*Dashboard!$H$2+M32*Dashboard!$H$3+N32*Dashboard!$H$4+O32*Dashboard!$H$5+P32*Dashboard!$H$6+Q32*Dashboard!$H$7)/SUM(Dashboard!$H$2:$H$7)/5*100) -> 24.444444 | S32: =K32*(1-Dashboard!$H$8/100)+R32*(Dashboard!$H$8/100) -> 32.533333 | T32: Not a routine bathing-water quality target.
A34: Important rows handled outside the main ranking: generic E. coli and intestinal enterococci are regulatory sentinel / trigger microbes, and cyanobacteria / cyanotoxins form a separate hazard module.

Sheet Evidence Basis
A1: Element | B1: Meaning | C1: Why it exists in the model
A2: Exposure efficiency / infectious dose | B2: How easily a hazard can infect once exposure occurs. | C2: A very low infectious dose can make a hazard important even when it is not the most common organism.
A3: Health consequence / severity | B3: How serious the outcome can be. | C3: Some hazards deserve more attention because their consequences are more severe.
A4: Source pressure / shedding | B4: Simple summary of how much of the hazard is likely to reach the environment. | C4: This keeps the simplified model short while preserving the idea of both shedding and commonness.
A5: Persistence / transport | B5: How well the hazard survives or moves through water or sediment. | C5: Persistent hazards remain relevant for longer and can be harder to control.
A6: Bathing evidence / confidence | B6: How strongly the hazard is supported as a bathing-water concern. | C6: This anchors the simplified model to the evidence base.
A7: Human sewage fit | B7: How strongly the hazard is linked to sewage or wastewater pathways. | C7: A high sewage setting should lift sewage-linked hazards.
A8: Agriculture / livestock fit | B8: How strongly the hazard is linked to livestock, slurry or agricultural runoff. | C8: A high agriculture setting should lift livestock/runoff hazards.
A9: Urban runoff / stormwater fit | B9: How strongly the hazard is linked to urban drainage, stormwater or misconnection pathways. | C9: Urban runoff is treated as a pathway / pressure score, not proof of the original biological reservoir.
A10: Riverine / event fit | B10: How much the hazard is linked to inland/freshwater sites and short-term event dynamics. | C10: This keeps one simple river/event lever visible.
A11: Warm / climate / aerosol / bloom fit | B11: How much the hazard becomes more relevant in warm, stagnant, aerosolised, brackish or bloom-prone conditions. | C11: This keeps climate- and condition-sensitive hazards visible without overwhelming the front end.
A12: Sentinel-load relevance | B12: How strongly the hazard responds to high measured E. coli / enterococci burden. | C12: This lets the simplified model respond to high bacterial loads without claiming that the indicator organisms are the only pathogens present.
... A19: Sentinel / trigger microbes | B19: Rows such as generic E. coli and intestinal enterococci that matter hugely for warning and compliance. | C19: They are not downgraded; they are separated because they do a different regulatory job.

Sheet References
A1: Short name | B1: Reference / title | C1: Why it is used | D1: URL | E1: Notes
A2: WHO recreational-water guidance | B2: World Health Organization. Guidelines on Recreational Water Quality: Volume 1 - Coastal and Fresh Waters. | C2: Public-health and recreational-water risk framework; supports separate cyanobacteria handling. | D2: https://www.ncbi.nlm.nih.gov/books/NBK572625/ | E2: Core public-health framing.
A3: EPA recreational-water criteria | B3: U.S. EPA. Recreational Water Quality Criteria. | C3: Supports the use of E. coli and enterococci as swimmer-illness sentinel organisms. | D3: https://www.epa.gov/sites/default/files/2015-10/documents/rwqc2012.pdf | E3: Important for sentinel logic.
A4: EA pathogen review | B4: Environment Agency. Overview of potential human pathogens in the environment - report. | C4: Provides the broader environmental-pathogen inventory and the logic for what does and does not belong in a bathing-water ranking. | D4: https://assets.publishing.service.gov.uk/media/67090ba2e84ae1fd8592f203/Overview_of_potential_human_pathogens_in_the_environment_-_report.pdf | E4: Used heavily.
A5: Testing the Waters | B5: Royal Academy of Engineering / NEPC. Testing the Waters: priorities for mitigating health risks from wastewater pollution. | C5: Supports sewage and public-health framing, and the importance of faecal-organism exposure. | D5: https://nepc.raeng.org.uk/media/qi2eyivp/testing-the-waters-priorities-for-mitigating-health-risks-from-wastewater-pollution.pdf | E5: Used to justify high faecal-load concern.
A6: Independent Water Commission | B6: Independent Water Commission final report. | C6: Supports amenity/public-health framing and systems thinking. | D6: https://www.gov.uk/government/publications/independent-water-commission-final-report | E6: Background context
A7: Forecasting review | B7: Krupska et al. Forecasting bathing water quality in the UK: A critical review. | C7: Supports the importance of riverine/event dynamics and warning logic. | D7: https://onlinelibrary.wiley.com/doi/10.1002/wat2.1718 | E7: Simplified here into one river/event lever.
A8: Faecal contamination report | B8: GOV.UK. Faecal contamination: challenges for the water environment. | C8: Supports multi-source contamination, river/coastal differences and source attribution challenges. | D8: https://www.gov.uk/government/publications/faecal-contamination-challenges-for-the-water-environment/faecal-contamination-challenges-for-the-water-environment | E8: Used for source-pathway interpretation.
